School Code,School Name,Address,City,State,Zip Code,Country
E00780,"FORTIS INSTITUTE - FORTIS COLLEGE","2140 SOUTH COBB DRIVE",SMYRNA,GA,30080,USA
E00947,"UNITED EDUCATION INSTITUTE - UEI MORROW","1564 SOUTHLAKE PARKWAY",MORROW,GA,30260,USA
E00953,"INTERACTIVE LEARNING SYSTEMS","1078 CITIZENS PARKWAY, SUITE A",MORROW,GA,30260,USA
E00960,"INTERACTIVE COLLEGE OF TECHNOLOGY","2323 BROWNS BRIDGE ROAD",GAINESVILLE,GA,30501,USA
E01034,"DECKER COLLEGE -","3700 DEKALB TECHNOLOGY PARKWAY",ATLANTA,GA,30340,USA
E01094,"LINCOLN COLLEGE OF TECHNOLOGY - MARIETTA","2359 WINDY HILL ROAD",MARIETTA,GA,30067,USA
E01743,"AMERICAN INTERCONTINENTAL UNIVERSITY","6600 PEACHTREE-DUNWOODY",ATLANTA,GA,30328,USA
E01836,"MILLER-MOTTE COLLEGE - COLUMBUS","1800 BOX ROAD",COLUMBUS,GA,31907,USA
E01957,"MILLER-MOTTE COLLEGE - AUGUSTA","621 NORTHWEST FRONTAGE ROAD",AUGUSTA,GA,30907,USA
E02015,"MILLER-MOTTE COLLEGE - MACON","175 TOM HILL SENIOR BOULEVARD",MACON,GA,31210,USA
G01560,"COLUMBIA THEOLOGICAL SEMINARY","701 COLUMBIA DR PO BOX 520",DECATUR,GA,30031,USA
G01568,"INTERDENOMINATIONAL THEOLOGY CENTER","700 MARTIN LUTHER KING DR SW",ATLANTA,GA,30314,USA
G24821,"MOREHOUSE SCHOOL OF MEDICINE","720 WESTVIEW DRIVE SW",ATLANTA,GA,30310,USA
G31733,"ATLANTA'S JOHN MARSHALL LAW SCHOOL","1422 WEST PEACHTREE STREET, N.W.",ATLANTA,GA,30309,USA
1541,"ABRAHAM BALDWIN AGRICULTURAL CLG","2802 MOORE HWY ABAC23",TIFTON,GA,31794,USA
1542,"AGNES SCOTT COLLEGE","141 E COLLEGE AVE",DECATUR,GA,30030,USA
1544,"ALBANY STATE UNIVERSITY","504 COLLEGE DRIVE",ALBANY,GA,31705,USA
1545,"ANDREW COLLEGE","501 COLLEGE STREET",CUTHBERT,GA,39840,USA
1547,"POINT UNIVERSITY","507 WEST 10TH STREET",WEST POINT,GA,31833,USA
1554,"BERRY COLLEGE","PO BOX 495007",MOUNT BERRY,GA,30149,USA
1555,"THOMAS UNIVERSITY","1501 MILLPOND RD",THOMASVILLE,GA,31792,USA
1556,"BRENAU UNIVERSITY","ONE CENTENNIAL CIRCLE",GAINESVILLE,GA,30501,USA
1557,"BREWTON PARKER COLLEGE","201 DAVID-ELIZA FOUNTAIN CIRCLE",MOUNT VERNON,GA,30445,USA
1558,"COLLEGE OF COASTAL GEORGIA","ONE COLLEGE DRIVE",BRUNSWICK,GA,31520,USA
1559,"CLARK ATLANTA UNIVERSITY","223 JAMES P BRAWLEY DR SW",ATLANTA,GA,30314,USA
1561,"COLUMBUS STATE UNIVERSITY","4225 UNIVERSITY AVENUE",COLUMBUS,GA,31907,USA
1563,"EMMANUEL COLLEGE","PO BOX 129",FRANKLIN SPRINGS,GA,30639,USA
1564,"EMORY UNIVERSITY","200 DOWMAN DRIVE SUITE 300",ATLANTA,GA,30322,USA
1566,"FORT VALLEY STATE UNIVERSITY","1005 STATE COLLEGE DRIVE",FORT VALLEY,GA,31030,USA
1569,"GEORGIA INSTITUTE OF TECHNOLOGY","225 NORTH AVE-FINANCIAL AID",ATLANTA,GA,30332,USA
1571,"GEORGIA MILITARY COLLEGE","201 E GREEN ST",MILLEDGEVILLE,GA,31061,USA
1572,"GEORGIA SOUTHERN UNIVERSITY","P.O. BOX 8065",STATESBORO,GA,30460,USA
1573,"GEORGIA SOUTHWESTERN STATE UNIV","800 GSW STATE UNIVERSITY DRIVE",AMERICUS,GA,31709,USA
1574,"GEORGIA STATE UNIVERSITY","33 COURTLAND STREET",ATLANTA,GA,30303,USA
1575,"GORDON COLLEGE","419 COLLEGE DR",BARNESVILLE,GA,30204,USA
1577,"KENNESAW STATE UNIVERSITY","1000 CHASTAIN ROAD",KENNESAW,GA,30144,USA
1578,"LAGRANGE COLLEGE","601 BROAD ST",LA GRANGE,GA,30240,USA
1579,"AUGUSTA UNIVERSITY","1120 FIFTEENTH STREET",AUGUSTA,GA,30912,USA
1580,"MERCER UNIVERSITY","1501 MERCER UNIV DRIVE",MACON,GA,31207,USA
1581,"MIDDLE GEORGIA STATE UNIVERSITY","100 COLLEGE STATION DRIVE",MACON,GA,31206,USA
1582,"MOREHOUSE COLLEGE","830 WESTVIEW DR SW",ATLANTA,GA,30314,USA
1583,"MORRIS BROWN COLLEGE","643 MARTIN LUTHER KING JR DRIVE NW",ATLANTA,GA,30314,USA
1585,"UNIVERSITY OF NORTH GEORGIA","82 COLLEGE CIRCLE",DAHLONEGA,GA,30597,USA
1586,"OGLETHORPE UNIVERSITY","4484 PEACHTREE ROAD NE",ATLANTA,GA,30319,USA
1587,"PAINE COLLEGE","1235-15 STREET  10",AUGUSTA,GA,30901,USA
1588,"PIEDMONT UNIVERSITY","165 CENTRAL AVENUE",DEMOREST,GA,30535,USA
1589,"REINHARDT UNIVERSITY","7300 REINHARDT COLLEGE CIRCLE",WALESKA,GA,30183,USA
1590,"SAVANNAH STATE UNIVERSITY","3219 COLLEGE STREET",SAVANNAH,GA,31404,USA
1591,"SHORTER UNIVERSITY","315 SHORTER AVENUE",ROME,GA,30165,USA
1592,"SOUTH GEORGIA STATE COLLEGE","100 WEST COLLEGE PARK DRIVE",DOUGLAS,GA,31533,USA
1594,"SPELMAN COLLEGE","350 SPELMAN LN SW",ATLANTA,GA,30314,USA
1596,"TOCCOA FALLS COLLEGE","325 CHAPEL DRIVE",TOCCOA FALLS,GA,30598,USA
1597,"TRUETT MCCONNELL UNIVERSITY","100 ALUMNI DRIVE",CLEVELAND,GA,30528,USA
1598,"UNIVERSITY OF GEORGIA","220 HOLMES/HUNTER ACADEMIC BLDG",ATHENS,GA,30602,USA
1599,"VALDOSTA STATE UNIVERSITY","1500 N PATTERSON ST",VALDOSTA,GA,31698,USA
1600,"WESLEYAN COLLEGE","4760 FORSYTH RD",MACON,GA,31210,USA
1601,"UNIV OF WEST GEORGIA","1600 MAPLE ST",CARROLLTON,GA,30118,USA
1602,"GEORGIA COLLEGE & STATE UNIVERSITY","231 WEST HANCOCK STREET",MILLEDGEVILLE,GA,31061,USA
1604,"YOUNG HARRIS COLLEGE","PO BOX 247",YOUNG HARRIS,GA,30582,USA
3484,"COVENANT COLLEGE","14049 SCENIC HWY",LOOKOUT MOUNTAIN,GA,30750,USA
3956,"DALTON STATE COLLEGE","213 NORTH COLLEGE DRIVE",DALTON,GA,30720,USA
4024,"GEORGIA NORTHWESTERN TECHNICAL COLLEGE","ONE MAURICE CULBERSON DRIVE",ROME,GA,30161,USA
4117,"GRADY HEALTH SYSTEM","80 BUTLER ST SE",ATLANTA,GA,30303,USA
5254,"LANIER TECHNICAL COLLEGE","HALL CAMPUS",GAINESVILLE,GA,30507,USA
5256,"WIREGRASS GEORGIA TECHNICAL COLLEGE","4089 VAL TECH ROAD",VALDOSTA,GA,31602,USA
5511,"COASTAL PINES TECHNICAL COLLEGE","1701 CARSWELL AVENUE",WAYCROSS,GA,31501,USA
5599,"AUGUSTA TECHNICAL COLLEGE","3200  AUGUSTA TECH DRIVE",AUGUSTA,GA,30906,USA
5600,"ATHENS TECHNICAL COLLEGE","800 US HIGHWAY 29 NORTH",ATHENS,GA,30601,USA
5601,"ALBANY TECHNICAL COLLEGE","1704 S. SLAPPEY BOULEVARD",ALBANY,GA,31701,USA
5615,"SOUTHERN REGIONAL TECHNICAL COLLEGE","15689 US HIGHWAY 19 NORTH",THOMASVILLE,GA,31792,USA
5617,"SOUTH GEORGIA TECHNICAL COLLEGE","900 SOUTH GA TECH PARKWAY",AMERICUS,GA,31709,USA
5618,"SAVANNAH TECHNICAL COLLEGE","5717 WHITE BLUFF ROAD",SAVANNAH,GA,31405,USA
5619,"NORTH GEORGIA TECHNICAL COLLEGE","1500 HIGHWAY 197 NORTH",CLARKESVILLE,GA,30523,USA
5620,"CHATTAHOOCHEE TECHNICAL COLLEGE","980 SOUTH COBB DRIVE SE",MARIETTA,GA,30060,USA
5621,"SOUTHERN CRESCENT TECHNICAL COLLEGE","501 VARSITY ROAD",GRIFFIN,GA,30223,USA
5624,"COLUMBUS TECHNICAL COLLEGE","928 MANCHESTER EXPRESSWAY",COLUMBUS,GA,31904,USA
5763,"CENTRAL GEORGIA TECHNICAL COLLEGE","3300 MACON TECH DR",MACON,GA,31206,USA
8543,"ATLANTA TECHNICAL COLLEGE","1560 METROPOLITAN PARKWAY",ATLANTA,GA,30310,USA
8976,"CLAYTON STATE UNIVERSITY","2000 CLAYTON STATE BOULEVARD",MORROW,GA,30260,USA
9270,"ART INSTITUTE OF ATLANTA (THE)","6600 PEACHTREE DUNWOODY ROAD",ATLANTA,GA,30328,USA
9507,"GEORGIA HIGHLANDS COLLEGE","PO BOX 1864",ROME,GA,30162,USA
10487,"WEST GEORGIA TECHNICAL COLLEGE","176 MURPHY CAMPUS",WACO,GA,30182,USA
10771,"GUPTON JONES COLLEGE","5141 SNAPFINGER WOODS DR",DECATUR,GA,30035,USA
10997,"EAST GEORGIA COLLEGE","131 COLLEGE CIRCLE",SWAINSBORO,GA,30401,USA
12051,"PRO WAY HAIR SCHOOL","5684 MEMORIAL DRIVE",STONE MOUNTAIN,GA,30083,USA
12165,"ATLANTA METROPOLITAN STATE COLLEGE","1630 STEWART AVE SW",ATLANTA,GA,30310,USA
13039,"SOUTH UNIVERSITY","709 MALL BLVD",SAVANNAH,GA,31406,USA
13624,"BROWN COLLEGE OF COURT REPORTING","1100 SPRING STREET, NW",ATLANTA,GA,30309,USA
14170,"LIFE UNIVERSITY","1269 BARCLAY CIRCLE  SUITE A",MARIETTA,GA,30060,USA
15022,"SAVANNAH COLLEGE OF ART & DESIGN","342 BULL ST",SAVANNAH,GA,31402,USA
15663,"PORTFOLIO CENTER","125 BENNETT STREET, NORTHWEST",ATLANTA,GA,30309,USA
16109,"INTERACTIVE COLLEGE OF TECHNOLOGY","5303 NEW PEACHTREE ROAD",CHAMBLEE,GA,30341,USA
16139,"GWINNETT TECHNICAL COLLEGE","5150 SUGARLOAF PARKWAY",LAWRENCEVILLE,GA,30043,USA
16582,"GEORGIA PIEDMONT TECHNICAL COLLEGE","495 NORTH INDIAN CREEK DRIVE",CLARKSTON,GA,30021,USA
17286,"INTERNATIONAL SCH SKIN & NAILCARE","5600 ROSWELL ROAD NE",ATLANTA,GA,30342,USA
17317,"PAUL MITCHELL THE SCHOOL - ESANI","1003 MANSELL ROAD",ROSWELL,GA,30076,USA
17369,"ATLANTA SCHOOL OF MASSAGE","2 DUNWOODY PARK SOUTH",ATLANTA,GA,30338,USA
25830,"GWINNETT COLLEGE","4230 HIGHWAY 29",LILBURN,GA,30047,USA
30054,"GEORGIA CAREER INSTITUTE","HUNTING CREEK PLAZA",CONYERS,GA,30013,USA
30300,"OGEECHEE TECHNICAL COLLEGE","ONE JOE KENNEDY BLVD",STATESBORO,GA,30458,USA
30665,"SOUTHEASTERN TECHNICAL COLLEGE","3001 E FIRST ST",VIDALIA,GA,30474,USA
30763,"BEULAH HEIGHTS BIBLE COLLEGE","892 BERNE ST SE PO BOX 18145",ATLANTA,GA,30316,USA
30891,"GEORGIA INSTITUTE OF COSMETOLOGY","3529 ATLANTA HIGHWAY",ATHENS,GA,30606,USA
31009,"LUTHER RICE COLLEGE & SEMINARY","3038 EVANS MILL ROAD",LITHONIA,GA,30038,USA
31020,"RIVERTOWN SCHOOL OF BEAUTY","4747-B HAMILTON RD",COLUMBUS,GA,31904,USA
31045,"ATLANTA INSTITUTE OF MUSIC AND MEDIA","2875 BRECKINRIDGE BLVD.",DULUTH,GA,30096,USA
31555,"OCONEE FALL LINE TECHNICAL COLLEGE","1189 DEEPSTEP ROAD",SANDERSVILLE,GA,31082,USA
34183,"GWINNETT COLLEGE","6690 ROSWELL ROAD NE",SANDY SPRINGS,GA,30328,USA
35233,"AVIATION INSTITUTE OF MAINTENANCE","2025 SATELLITE POINTE",DULUTH,GA,30096,USA
36353,"CARVER BIBLE COLLEGE","3870 CASCADE ROAD",ATLANTA,GA,30331,USA
38044,"GWINNETT COLLEGE","1130 NORTHCHASE PARKWAY",MARIETTA,GA,30067,USA
40213,"AUGUSTA SCHOOL OF MASSAGE","608 PONDER PLACE DRIVE",EVANS,GA,30809,USA
41429,"GEORGIA GWINNETT COLLEGE","1000 UNIVERSITY CENTER LANE",LAWRENCEVILLE,GA,30043,USA
41470,"PAUL MITCHELL THE SCHOOL ATLANTA","887 W. MARIETTA STREET",ATLANTA,GA,30318,USA
41477,"LAKE LANIER SCHOOL OF MASSAGE","675 E.E. BUTLER PARKWAY",GAINESVILLE,GA,30501,USA
41499,"PROFILE INSTITUTE OF BARBER-STYLING","26 CLEVELAND AVENUE, SE",ATLANTA,GA,30315,USA
41509,"KEUNE ACADEMY BY 124 LLC","755 LAWRENCEVILLE-SUWANEE ROAD",LAWRENCEVILLE,GA,30043,USA
42038,"WOODRUFF MEDICAL TRAINING AND TESTING","1927 LAKESIDE PARKWAY",TUCKER,GA,30084,USA
42045,"ELAINE STERLING INSTITUTE(THE)","3393 PEACHTREE ROAD NE",ATLANTA,GA,30326,USA
42064,"HELMS COLLEGE","3145 WASHINGTON ROAD",AUGUSTA,GA,30907,USA
42066,"SAE INSTITUTE OF TECHNOLOGY - ATLANTA","215 PEACHTREE STREET NORTHEAST",ATLANTA,GA,30303,USA
42211,"NEW HORIZONS MEDICAL INSTITUTE","5675 JIMMY CARTER BOULEVARD",NORCROSS,GA,30071,USA
42423,"DALTON INSTITUTE OF ESTHETICS AND COSMET","100 WEST WALNUT AVENUE",DALTON,GA,30720,USA
42566,"MAK BEAUTY INSTITUTE","570 LAKELAND PLAZA",CUMMING,GA,30040,USA
42567,"REFORMED UNIVERSITY","1724 ATKINSON ROAD",LAWRENCEVILLE,GA,30043,USA
42600,"INSTITUTE OF MEDICAL ULTRASOUND","817 WEST PEACHTREE STREET",ATLANTA,GA,30308,USA
42646,"HOGAN INSTITUTE OF COSMETOLOGY AND ESTHE","495 INDIAN TRAIL ROAD NORTHWEST",LILBURN,GA,30047,USA
42871,"WEBB'S BARBER SCHOOL OF ARTS","4356 MERCER UNIV DRIVE",MACON,GA,31206,USA
42996,"BEAVER BEAUTY ACADEMY","1999 CANDLER ROAD",DECATUR,GA,30032,USA
43062,"ALBANY BEAUTY ACADEMY","2231 DAWSON ROAD, SUITES I & J",ALBANY,GA,31707,USA